/*
Navicat MySQL Data Transfer

Source Server         : 1
Source Server Version : 50724
Source Host           : localhost:3306
Source Database       : mhs

Target Server Type    : MYSQL
Target Server Version : 50724
File Encoding         : 65001

Date: 2023-04-13 20:12:26
*/

SET FOREIGN_KEY_CHECKS=0;

-- ----------------------------
-- Table structure for article
-- ----------------------------
DROP TABLE IF EXISTS `article`;
CREATE TABLE `article` (
  `id` bigint(20) NOT NULL AUTO_INCREMENT,
  `title` varchar(255) NOT NULL COMMENT '文章标题',
  `first_picture` varchar(255) DEFAULT NULL COMMENT '文章首图，用于随机文章展示',
  `content` longtext NOT NULL COMMENT '文章正文',
  `description` longtext COMMENT '描述',
  `is_published` bit(1) DEFAULT b'1' COMMENT '公开或私密',
  `create_time` datetime NOT NULL COMMENT '创建时间',
  `views` int(11) DEFAULT '0' COMMENT '浏览次数',
  `is_top` bit(1) DEFAULT b'0' COMMENT '是否置顶',
  `user_id` bigint(20) DEFAULT NULL COMMENT '文章作者',
  `pick` int(11) DEFAULT '0' COMMENT '点赞数',
  PRIMARY KEY (`id`),
  KEY `user_id` (`user_id`) USING BTREE
) ENGINE=InnoDB AUTO_INCREMENT=5 DEFAULT CHARSET=utf8mb4;

-- ----------------------------
-- Records of article
-- ----------------------------
INSERT INTO `article` VALUES ('1', '心理咨询1', null, 'test', null, '', '2023-04-11 17:50:47', '0', '', '2', '1');
INSERT INTO `article` VALUES ('2', '心理咨询2', '5f2c3f6f-f6b6-4d2c-8e18-cf731ff1d9ee.jpg', 'test2', null, '', '2023-04-11 18:06:02', '0', '\0', '9', '2');
INSERT INTO `article` VALUES ('3', '“没有能力”和“没有自信”，哪个更坏？', '1231914d-1b9c-4408-8d67-4ef91425db53.jpg', '以前没感觉，认为车到山前必有路，痛苦过后总会好起来。从毕业到工作，一直没什么规划，得过且过，导致如今感觉自己什么事都处理不好，不是丢三落四就是举棋不定。对自己是真的没有信心。一件简单的事都要再三确认很多遍，明明想很认真的做好一件简单事，然而花费了比别人更长的时候准备之后仍然会出现', null, '', '2023-04-13 10:45:27', '0', '\0', '9', '0');
INSERT INTO `article` VALUES ('4', '“善意”与“情感价值”在世俗关系里应当是相互的吗？', '73aa84fa-fc1f-4513-afde-4f25204da10a.png', '我并不想将自己褒奖为乐善好施者，只是乐衷于倾听他人的烦恼，抚慰他人的苦闷，吸纳他人的伤痛。在与朋友的交往中，我扮演和占据着给予者的角色，并对他人的回报惧怕而又期待，却不让这样的情绪泄露分毫。我一再戒告自己，善意应当不求回报。更何况，他人并未出言相求，我又何故主动请求？只是当期望落空时，我常顾影自怜，无法自拔地浸淫在仅为我所知的，狭隘的痛苦中。我不知道，主动给予的善意是否应当索求回报，如若不能，我又该如何自处？看到这里，哪怕只是您的聆听也使我感到万分慰藉，感谢您。祝您生活愉快。', null, '', '2023-04-13 11:29:26', '0', '\0', '9', '0');

-- ----------------------------
-- Table structure for article_imgs
-- ----------------------------
DROP TABLE IF EXISTS `article_imgs`;
CREATE TABLE `article_imgs` (
  `id` bigint(20) NOT NULL AUTO_INCREMENT,
  `img` varchar(255) NOT NULL COMMENT '图片',
  `article_id` bigint(20) DEFAULT NULL COMMENT '所属文章',
  PRIMARY KEY (`id`),
  KEY `article_id` (`article_id`) USING BTREE
) ENGINE=InnoDB AUTO_INCREMENT=15 DEFAULT CHARSET=utf8mb4;

-- ----------------------------
-- Records of article_imgs
-- ----------------------------
INSERT INTO `article_imgs` VALUES ('8', '9f38a3cf-de52-4fa3-925c-ed3b20a8b84f.jpg', '1');
INSERT INTO `article_imgs` VALUES ('9', 'c58d6c39-4f12-4dad-952f-155385a80fb9.png', '1');
INSERT INTO `article_imgs` VALUES ('10', '5f2c3f6f-f6b6-4d2c-8e18-cf731ff1d9ee.jpg', '2');
INSERT INTO `article_imgs` VALUES ('11', '9371abae-0e1d-4dd4-92da-f5a5bf7107ba.png', '2');
INSERT INTO `article_imgs` VALUES ('12', '39d4ffa4-7bcc-48f8-bfa3-c027260460a6.png', '2');
INSERT INTO `article_imgs` VALUES ('13', '1231914d-1b9c-4408-8d67-4ef91425db53.jpg', '3');
INSERT INTO `article_imgs` VALUES ('14', '73aa84fa-fc1f-4513-afde-4f25204da10a.png', '4');

-- ----------------------------
-- Table structure for article
-- ----------------------------
DROP TABLE IF EXISTS `article`;
CREATE TABLE `article` (
  `id` bigint(20) NOT NULL AUTO_INCREMENT,
  `title` varchar(255) NOT NULL COMMENT '文章标题',
  `first_picture` varchar(255) DEFAULT NULL COMMENT '文章首图，用于随机文章展示',
  `content` longtext NOT NULL COMMENT '文章正文',
  `description` longtext COMMENT '描述',
  `is_published` bit(1) DEFAULT b'1' COMMENT '公开或私密',
  `create_time` datetime NOT NULL COMMENT '创建时间',
  `views` int(11) DEFAULT '0' COMMENT '浏览次数',
  `is_top` bit(1) DEFAULT b'0' COMMENT '是否置顶',
  `user_id` bigint(20) DEFAULT NULL COMMENT '文章作者',
  `pick` int(11) DEFAULT '0' COMMENT '点赞数',
  PRIMARY KEY (`id`),
  KEY `user_id` (`user_id`) USING BTREE
) ENGINE=InnoDB AUTO_INCREMENT=5 DEFAULT CHARSET=utf8mb4;

-- ----------------------------
-- Records of article
-- ----------------------------
INSERT INTO `article` VALUES ('1', '心理咨询1', null, 'test', null, '', '2023-04-11 17:50:47', '0', '', '2', '1');
INSERT INTO `article` VALUES ('2', '心理咨询2', '5f2c3f6f-f6b6-4d2c-8e18-cf731ff1d9ee.jpg', 'test2', null, '', '2023-04-11 18:06:02', '0', '\0', '9', '2');
INSERT INTO `article` VALUES ('3', '“没有能力”和“没有自信”，哪个更坏？', '1231914d-1b9c-4408-8d67-4ef91425db53.jpg', '以前没感觉，认为车到山前必有路，痛苦过后总会好起来。从毕业到工作，一直没什么规划，得过且过，导致如今感觉自己什么事都处理不好，不是丢三落四就是举棋不定。对自己是真的没有信心。一件简单的事都要再三确认很多遍，明明想很认真的做好一件简单事，然而花费了比别人更长的时候准备之后仍然会出现', null, '', '2023-04-13 10:45:27', '0', '\0', '9', '0');
INSERT INTO `article` VALUES ('4', '“善意”与“情感价值”在世俗关系里应当是相互的吗？', '73aa84fa-fc1f-4513-afde-4f25204da10a.png', '我并不想将自己褒奖为乐善好施者，只是乐衷于倾听他人的烦恼，抚慰他人的苦闷，吸纳他人的伤痛。在与朋友的交往中，我扮演和占据着给予者的角色，并对他人的回报惧怕而又期待，却不让这样的情绪泄露分毫。我一再戒告自己，善意应当不求回报。更何况，他人并未出言相求，我又何故主动请求？只是当期望落空时，我常顾影自怜，无法自拔地浸淫在仅为我所知的，狭隘的痛苦中。我不知道，主动给予的善意是否应当索求回报，如若不能，我又该如何自处？看到这里，哪怕只是您的聆听也使我感到万分慰藉，感谢您。祝您生活愉快。', null, '', '2023-04-13 11:29:26', '0', '\0', '9', '0');

-- ----------------------------
-- Table structure for article_imgs
-- ----------------------------
DROP TABLE IF EXISTS `article_imgs`;
CREATE TABLE `article_imgs` (
  `id` bigint(20) NOT NULL AUTO_INCREMENT,
  `img` varchar(255) NOT NULL COMMENT '图片',
  `article_id` bigint(20) DEFAULT NULL COMMENT '所属文章',
  PRIMARY KEY (`id`),
  KEY `article_id` (`article_id`) USING BTREE
) ENGINE=InnoDB AUTO_INCREMENT=15 DEFAULT CHARSET=utf8mb4;

-- ----------------------------
-- Records of article_imgs
-- ----------------------------
INSERT INTO `article_imgs` VALUES ('8', '9f38a3cf-de52-4fa3-925c-ed3b20a8b84f.jpg', '1');
INSERT INTO `article_imgs` VALUES ('9', 'c58d6c39-4f12-4dad-952f-155385a80fb9.png', '1');
INSERT INTO `article_imgs` VALUES ('10', '5f2c3f6f-f6b6-4d2c-8e18-cf731ff1d9ee.jpg', '2');
INSERT INTO `article_imgs` VALUES ('11', '9371abae-0e1d-4dd4-92da-f5a5bf7107ba.png', '2');
INSERT INTO `article_imgs` VALUES ('12', '39d4ffa4-7bcc-48f8-bfa3-c027260460a6.png', '2');
INSERT INTO `article_imgs` VALUES ('13', '1231914d-1b9c-4408-8d67-4ef91425db53.jpg', '3');
INSERT INTO `article_imgs` VALUES ('14', '73aa84fa-fc1f-4513-afde-4f25204da10a.png', '4');


-- ----------------------------
-- Table structure for chat
-- ----------------------------
DROP TABLE IF EXISTS `chat`;
CREATE TABLE `chat` (
  `chat_id` bigint(20) NOT NULL AUTO_INCREMENT,
  `consultant_id` bigint(20) DEFAULT NULL,
  `consumer_id` bigint(20) DEFAULT NULL,
  `create_time` datetime DEFAULT NULL,
  PRIMARY KEY (`chat_id`) USING BTREE
) ENGINE=InnoDB DEFAULT CHARSET=utf8mb4 ROW_FORMAT=DYNAMIC;

-- ----------------------------
-- Records of chat
-- ----------------------------

-- ----------------------------
-- Table structure for comment
-- ----------------------------
DROP TABLE IF EXISTS `comment`;
CREATE TABLE `comment` (
  `id` bigint(20) NOT NULL AUTO_INCREMENT,
  `content` varchar(255) NOT NULL COMMENT '评论内容',
  `create_time` datetime DEFAULT NULL COMMENT '评论时间',
  `ip` varchar(255) DEFAULT NULL COMMENT '评论者ip地址',
  `is_deleted` bit(1) DEFAULT b'0' COMMENT '公开或删除',
  `user_id` bigint(20) NOT NULL COMMENT '评论人',
  `article_id` bigint(20) DEFAULT NULL COMMENT '所属的文章',
  `parent_comment_id` bigint(20) NOT NULL COMMENT '父评论id，-1为根评论',
  PRIMARY KEY (`id`),
  KEY `article_id` (`article_id`) USING BTREE
) ENGINE=InnoDB AUTO_INCREMENT=6 DEFAULT CHARSET=utf8mb4;

-- ----------------------------
-- Records of comment
-- ----------------------------
INSERT INTO `comment` VALUES ('1', 'test1', null, null, '\0', '1', '1', '-1');
INSERT INTO `comment` VALUES ('2', 'test2', null, null, '\0', '2', '1', '1');
INSERT INTO `comment` VALUES ('3', 'test3', null, null, '\0', '1', '1', '2');
INSERT INTO `comment` VALUES ('4', 'test4', null, null, '\0', '2', '1', '-1');
INSERT INTO `comment` VALUES ('5', 'test5', null, null, '\0', '1', '1', '1');

-- ----------------------------
-- Table structure for essay
-- ----------------------------
DROP TABLE IF EXISTS `essay`;
CREATE TABLE `essay` (
  `eid` int(255) NOT NULL AUTO_INCREMENT,
  `title` varchar(255) DEFAULT NULL,
  `author` varchar(255) DEFAULT NULL,
  `type` varchar(255) DEFAULT NULL,
  `picture` varchar(255) DEFAULT NULL,
  `content` varchar(5000) DEFAULT NULL,
  PRIMARY KEY (`eid`) USING BTREE
) ENGINE=InnoDB AUTO_INCREMENT=11 DEFAULT CHARSET=utf8 ROW_FORMAT=COMPACT;

-- ----------------------------
-- Records of essay
-- ----------------------------
INSERT INTO `essay` VALUES ('1', '生命', '沈从文', '散文', 'https://p2.music.126.net/SswJS5DazMUuGwlthgHRmg==/109951168491403346.jpg', '我好像为什么事情很悲哀，我想起“生命”。\r\n\r\n　　每个活人都像是有一个生命，生命是什么，居多人是不曾想起的，就是“生活”也不常想起。我说的是离开自己生活来检视自己生活这样事情，活人中就很少那么作，因为这么作不是一个哲人，便是一个傻子了。“哲人”不是生物中的人的本性，与生物本性那点兽性离得太远了，数目稀少正见出自然的巧妙与庄严。因为自然需要的是人不离动物，方能传种。虽有苦乐，多由生活小小得失而来，也可望从小小得失得到补偿与调整。一个人若尽向抽象追究，结果纵不至于违反自然，亦不可免疏忽自然，观念将痛苦自己，混乱社会。因为追究生命意义时，即不可免与一切习惯秩序冲突。在同样情形下，这个人脑与手能相互为用，或可成为一思想家或艺术家，脑与行为能相互为用，或可成为一革命者。若不能相互为用，引起分裂现象，末了这个人就变成疯子。其实哲人或疯子，在违反生物原则，否认自然秩序上，将脑子向抽象思索，意义完全相同。\r\n\r\n　　我正在发疯。为抽象而发疯。我看到一些符号，一片形，一把线，一种无声的音乐，无文字的诗歌。我看到生命一种最完整的形式，这一切都在抽象中好好存在，在事实前反而消灭。\r\n\r\n　　有什么人能用绿竹作弓矢，射入云空，永不落下？我之想象，犹如长箭，向云空射去，去即不返。长箭所注，在碧蓝而明静之广大虚空。\r\n\r\n　　明智者若善用其明智，即可从此云空中，读示一小文，文中有微叹与沉默，色与香，爱和怨。无着者姓名。无年月。无故事。无……然而内容极柔美。虚空静寂，读者灵魂中如有音乐。虚空明蓝，读者灵魂上却光明净洁。\r\n\r\n　　大门前石板路有一个斜坡，坡上有绿树成行，长干弱枝，翠叶积叠，如翠等，如羽葆，如旗帜。常有山灵，秀腰白齿，往来其间。遇之者即喑哑。爱能使人喑哑——一种语言歌呼之死亡。“爱与死为邻”。\r\n\r\n　　然抽象的爱，亦可使人超生。爱国也需要生命，生命力充溢者方能爱国。至如阉寺性的人，实无所爱，对国家，貌作热诚，对事，马马虎虎，对人，毫无情感，对理想，异常吓怕。也娶妻生子，治学问教书，做官开会，然而精神状态上始终是个阉人。与阉人说此，当然无从了解。\r\n\r\n　　夜梦极可怪。见一淡绿白合花，颈弱而花柔，花身略有斑点青渍，倚立门边微微动摇。在不可知地方好像有极熟习的声音在招呼：\r\n\r\n　　“你看看好，应当有一粒星子在花中。仔细看看。”\r\n\r\n　　于是伸手触之。花微抖，如有所怯。亦复微笑，如有所恃。因轻轻摇触那个花柄，花蒂，花瓣。近花处几片叶子全落了。\r\n\r\n　　如闻叹息，低而分明。\r\n\r\n　　雷雨刚过。醒来后闻远处有狗吠，吠声如豹。半迷糊中卧床上默想，觉得惆怅之至。因白合花在门边动摇，被触时微抖或微笑，事实上均不可能！\r\n\r\n　　起身时因将经过记下，用半浮雕手法，如玉工处理一片玉石，琢刻割磨。完成时犹如一壁炉上小装饰。精美如瓷器，素朴如竹器。\r\n\r\n　　一般人喜用教育身分来测量一个人道德程度。尤其是有关乎性的道德。事实上这方面的事情，正复难言。有些人我们应当嘲笑的，社会却常常给以尊敬，如阉寺。有些人我们应当赞美的，社会却认为罪恶，如诚实。多数人所表现的观念，照例是与真理相反的。多数人都乐于在一种虚伪中保持安全或自足心境。因此我焚了那个稿件。我并不畏惧社会，我厌恶社会，厌恶伪君子，不想将这个完美诗篇，被伪君子眼目所污渎。\r\n\r\n　　白合花极静。()在意象中尤静。\r\n\r\n　　山谷中应当有白中微带浅蓝色的白合花，弱颈长蒂，无语如语，香清而淡，躯干秀拔。花粉作黄色，小叶如翠珰。\r\n\r\n　　法郎士曾写一《红白合》故事，述爱欲在生命中所占地位，所有形式，以及其细微变化。我想写一《绿白合》，用形式表现意象。');
INSERT INTO `essay` VALUES ('2', '话说谦让', '梁实秋', '散文', 'https://p2.music.126.net/2Tq_7gOCVmLV1z7ynxO1AQ==/109951165067628915.jpg', '谦让仿佛是一种美德，若想在眼前的实际生活里寻一个具体的例证，却也不容易。类似谦让的事情近来似乎很难得发生一次。就我个人的经验说，在一般宴会里，客人入席之际，我们最容易看见类似谦让的事情。\r\n\r\n一群客人挤在客厅里，谁也不肯先坐，谁也不肯坐首座，好像“常常登上座，渐渐入祠堂”的道理是人人所不能忘的。于是你推我让，人声鼎沸。辈分小的、官职低的，垂着手远远地立在屋角，听候调遣。自以为有占首座或次座资格的人，无不攘臂而前，拉拉扯扯，不肯放过他们表现谦让的美德的机会。有的说：“我们叙齿，你年长！”有的说：“我常来，你是稀客！”有的说：“今天非你上座不可！”事实固然是为让座，但是当时的声浪和唾沫星子却都表示像在争座。主人摆一张笑脸，偶然插一两句嘴，作鹭鸶笑。这场纷扰，要直到大家的兴致均已低落，该说的话差不多都已说完，然后急转直下，突然平息，本就该坐上座的人便去就了上座，并无苦恼之相，而往往是显得踌躇满志、顾盼自雄。\r\n\r\n每次遇到这样谦让的场合，我便首先想起《聊斋》上的一个故事：一伙人在热烈地让座，有一位扯着另一位的袖子，硬往上拉，被拉的人硬往后躲，双方势均力敌，突然间拉着袖子的手一松，被拉的那只胳臂猛然向后一缩，胳臂肘尖正撞在后面站着的一位驼背朋友的两只特别凸出的大门牙上，咔嚓一声，双牙落地！我每忆起这个乐极生悲的故事，为明哲保身起见，在让座时我总躲得远远的。等风波过后，剩下的位置是我的，首座也可以，坐上去并不头晕；末座亦无妨，我也并不因此少吃一口。我不谦让。\r\n\r\n考让座之风之所以如此盛行，其故有二。第一，让来让去，每人总有一个位置，所以一面谦让，一面稳有把握。假如主人宣布，位置只有十二个，客人却有十四位，那便没有让座之事了。第二，所让者是个虚荣，本来无关宏旨，凡是半径都是一般长，所以坐在任何位置（假如是圆桌）都可以享受同样的利益。假如明文规定，凡坐过首席若干次者，在铨叙上特别有利，我想让座的事情也就少了。我从不曾看见，在长途汽车车站售票的地方，如果没有木制的长栅栏，而还能够保留一点谦让之风！因此我发现了一般人处世的一条道理，那便是：无需让的时候，则无妨谦让一番，于人无利，于己无损；在该让的时候，则不谦让，以免损己；在应该不让的时候，则必定谦让，于己有利，于人无损。\r\n\r\n小时候读到孔融让梨的故事，觉得实在难能可贵，自愧弗如。一只梨的大小，虽然是微不足道，但对于一个四五岁的孩子，其重要或许并不下于一个公务员之盘算简、荐、委。有人猜想，孔融那几天也许肚皮不好，怕吃生冷，乐得谦让一番。我不敢这样妄加揣测，不过我们要承认，利之所在，可以使人忘形，谦让不是一件容易的事。\r\n\r\n谦让作为一种仪式，并不是坏事，像天主教会选任主教时所举行的仪式就蛮有趣。就职的主教照例地当众谦逊三回，口说“nolocpiscopari”，意即“我不要当主教”，然后照例地敦促三回，终于勉为其难了。我觉得这样的仪式比宣誓就职之后再打通电声明固辞不获要好得多。谦让的仪式行久了之后，也许对于人心有潜移默化之功，使人在争权夺利、奋不顾身之际，不知不觉地也举行起谦让的仪式。可惜我们人类的文明史尚短，潜移默化尚未能奏大效，露出原始人的狰狞面目的时候要比雍雍穆穆地举行谦让仪式的时候多些。我每次从长途汽车的售票处杀进杀出时，心里就想先王以礼治天下，实在有理。');
INSERT INTO `essay` VALUES ('3', '把时间花在心灵上', '林清玄', '散文', 'https://p2.music.126.net/Tjff1JcD4hxjzAJRmZbz6A==/109951165991855410.jpg', '朋友带我去看一位收藏家的收藏，据说他收藏的都是顶级的东西，随便拿一件来都是价逾千万。\r\n\r\n我们穿过一条条的巷子，来到一家不起眼的公寓前面，我心中正自纳闷，顶级的古董怎么会收藏在这种地方呢？\r\n\r\n收藏家来开门了，连续打开三扇不锈钢门，才走进屋内。室内的灯光非常幽暗，等了几秒钟，我才适应了室内的光线，这时，才赫然看到整个房子堆满古董，多到连走路都要小心，侧身才能前进。\r\n\r\n到处都是陶瓷器、铜器、锡器，还有好多书画卷轴拥挤地插在大缸里，主人好不容易带我们找到沙发，沙发也是埋在古物堆中，经过一番整理，我们才得以落座。\r\n\r\n我不知道怎样才能形容那种感觉，古董过度拥塞，使人仿佛置身在垃圾堆中。我想到，任何事物都不能太多，一到“太”的程度，就可怕了。\r\n\r\n我们都喜欢蝴蝶，可是如果屋子里飞满蝴蝶，就不美了，再想到蝴蝶就会生满屋的毛毛虫，那多可怕。我们都喜欢鸟，但鸟太多，也是会伤人的，希区柯克的名作《鸟》，那恐怖的情景想起来汗毛都要竖起。\r\n\r\n正在出神的时候，主人端出来一个盘子，但盘子里装的不是茶水或咖啡，而是一盘玉。因为我的朋友向主人吹嘘我是个行家，虽然我据实地极力否认，主人只当我是谦虚，迫不及待地拿他的收藏要给我“鉴赏”了。\r\n\r\n既是如此，我也只好一件一件地鉴赏，并极力地称赞，在说一块茶色玉时，我心里还想：为什么端出来的不是茶水呢？\r\n\r\n看完玉石，我们转到主人的卧房看陶器和青铜，我才发现主人的卧室中只有一张床可以容身，其余的从地面到屋顶，都堆得密不透风。\r\n\r\n虽然说这些古铜都是价逾千万，堆在一起却感觉不出它的价值。后来又看了几个房间，依然如此，最令我吃惊的是，连厨房和厕所都堆着古董，主人家已经很久没有开伙了。\r\n\r\n古董的主人告诉我，他为什么选择居住在陋巷，是怕引起歹徒的觊觎。\r\n\r\n而他设了那么多的铁门，有各种安全功能，一般人从门外窥探他的古董，连一眼也不可得。\r\n\r\n朋友补充说：“他爱古物成痴，太太、孩子都不能忍受，移民到国外去了。”\r\n\r\n古董的主人说：“女人和小孩子懂什么？”\r\n\r\n我对他说：“你的古物这么值钱，又这么多，何不卖几件，买一个大的展示空间，让更多人欣赏呢？这样，房子也不会连坐的地方都没有呀！”\r\n\r\n他说：“好的古董一件也不舍得卖。”\r\n\r\n他说：“而且那些俗人懂得什么叫古董？”\r\n\r\n告辞出来的时候，我感到有一些悲哀，再怎么了不起的古董，都只是“物件”，怎么比得上有情的人？再说，为了占有古董，活着的时候担惊受怕，像囚犯困居于数道铁门的囚室，像乞丐住在垃圾堆中，又何苦？\r\n\r\n何况，人都会离开世界，就像他手中的古董从前的主人一样，总有一刻，会两手一放，一件也不能带走。真正的拥有，不一定要占有，真正的古董鉴赏家，不一定要做收藏家；偶尔要欣赏古董，到故宫博物院走走，花几十元门票，就能看到真正的稀世古物。累了，花几十元在三希堂喝故宫特选的乌龙茶，生活不是非常的惬意吗？回到家，窗明几净，也不需要三道铁门来保卫，也不需要和无情的东西争位置，役物而不役于物，不亦快哉！\r\n\r\n我们的生命如此短暂，有所营谋，必有所烦恼；有所执著，必有所束缚；有所得，必有所失。\r\n\r\n我们如果把时间花在财货，就没有时间花在心灵。\r\n\r\n我们如果日夜为欲望奔走，就会耗失自己的健康。\r\n\r\n我们如果成为壶痴、石痴、玉痴、古物痴，就会忘却有情世界的珍贵。\r\n\r\n好好吃一顿饭、欢喜喝一杯茶，一日喜乐无恼、一夜安眠无梦，又是价值多少？\r\n\r\n“百花丛里过，片叶不沾身。”那样的生活才是我们向往的生活，百花丛里是“有情”，片叶不沾身是“觉悟”。\r\n\r\n误解与赞赏、批评与歌颂，都像庐山的烟雨和浙江的潮汐，原来一物也无。\r\n\r\n去年春天最好的春茶，放到今年也要失味，所以，今年要喝今年的春茶。\r\n\r\n年年的春茶都好，我眼前的这个粗陶茶杯也很好，古董、古物、钻石、珍珠，乃至一切的背负，留给那些愿意背负的人吧。');
INSERT INTO `essay` VALUES ('4', '风中跌倒不为风', '林清玄', '散文', 'https://p2.music.126.net/y-qQoGa9SgO_Oe0nlI17nQ==/109951168298947017.jpg', '路过乡间一座三合院，看见一个孩子正在放声大哭，妈妈心疼地在旁边安慰。\r\n\r\n妈妈一手慈爱地搂着孩子，一手用力地拍打地板，对孩子说：\r\n\r\n“哎呀！都是这个土脚不平，害宝贝仔仆倒，妈妈替你拍土脚，哎呀！”\r\n\r\n妈妈拍地的动作非常滑稽夸张，使那哭闹不停的孩子也忍不住破涕为笑了。\r\n\r\n我站在一旁看着这一幕，心里感到十分温馨，想到从前我的妈妈也曾如此安慰过我。不只是我的妈妈，从前乡间的父母几乎都是这样安慰孩子。\r\n\r\n跑的时候被树枝绊倒了，就把树枝折断，说是：“坏树枝！怎么可以绊倒我的好孩子。”走路不小心跌倒了，就打骂土地，说是：“歹土地，怎么可以害我的乖孩子跌倒。”甚至完全没有原因跌倒，找不到什么东西可以责备，就骂风，说：“都是风吹得让我的心肝仔跌倒。”\r\n\r\n我们小的时候都会信以为真，以为跌倒是因为风、土地或树枝的缘故，我们也会像父母亲一样，找借口安慰自己，却没意识到是自己走路不小心。\r\n\r\n记得有一次，我在门口庭前跑步，不小心摔了一跤，头破血流。妈妈从灶间跑出来，左看右看，找不到可以打骂的东西，因为庭前的土地非常平，既没有树枝，也没有小石子。\r\n\r\n妈妈怔了好长一段时间，我已经站起来了，她还怔在那里，手里拿着一支锅铲，样子有点滑稽。\r\n\r\n妈妈看我望着她，以为我要放声哭出来，突然大声地骂天：“都是这么恶的风，吹得阿玄仔仆倒！”\r\n\r\n我抚着自己头上的伤口，对妈妈说：“妈，不是因为风，是我自己不小心仆倒的。”\r\n\r\n那时，庭前确实只有阳光，一丝风也无。\r\n\r\n妈妈这时笑得像阳光一样灿烂，过来检视我的伤口，欣慰地说：“你大汉了！”\r\n\r\n妈妈的意思是我长大了，可以承担自己的错误与失败。当我们发现到，无论任何形式的跌倒，都是由于自己的不小心，而不是去找借口，这时我们就像我们在情感与姻缘上跌倒的时候，也像孩子时一样……即使地不平、荆棘横路、风狂雨暴，都不应该是我们跌倒的借口。最应该检视的是错误与失败。\r\n\r\n孩子的跌倒顶多是皮肉受伤，姻缘挫败也顶多是锥心刺骨，并不会伤到情感的本质。因此，一个人不应该在爱中受伤，就失去爱的勇气；一个人也不应该痛苦，就失去承担的心。要寻找到生命最内在的本质，是不能有任何借口的。当我们还有借口，本质就不会显露出来。\r\n\r\n我对自己过去情感的受伤，姻缘的挫败也没有任何借口，这都是我生命的必然之路。我也愿意承担任何的批评，并把这些批评当成石阶，走向更高的位置来回看自己的人生。\r\n\r\n在风中跌倒，在爱中流泪，这都是人生不可避免的旅程。如果我们在每一段旅程，都能学习到更广大的胸怀，都能不失去真爱的勇气、美好的追求，一切挫折不也都有深刻的意义吗？我站着看那拍打土地安慰孩子的母亲图像，一面忆起往事，一面想到我们人生可能永无平静之日，但我们要使心安宁，只在当下的转念之间。');
INSERT INTO `essay` VALUES ('5', '伟大与渺小', '臧克家', '散文', 'https://p2.music.126.net/gA19PZU5B9bpJc_4Db60Xg==/109951166386587950.jpg', '我们有太多的伟人。写在历史上的被渲染过的，不必说他们了；和我们同时代，向我们显示伟大的，已经够数了。这些人，凭了个人的阴谋机诈、凭了阴险与残酷，只要抓住一个机会使自己向高处爬一级，他是决不放弃这个机会的，至于牺牲个人的天良与别人的利害甚至生命，他毫不顾惜。这些伟人的伟大，是用个人的人性去换来的，是踏在人民大众的骨骸上升高起来的。当他站得高、显得伟大的时候，一般有肉没有骨头，有躯壳没灵魂的人中狗，便成群地蜷伏在他脚下，仰起头来望望他，便“伟大呵，伟大呵”地乱叫一阵子。当别人靠近他的时候，它们便狺狺狂吠起来，在壮主子的声威之余，自己仿佛也有威可畏了。这些伟人与臣侯是相依为命，狼狈为奸的。主子为了获取权势的兔，是不能没有走狗的，在走狗的瞳孔里，主子的尊容也许并非那样庄严，然而在他们口里又是另一回事了。为了一块骨头，它们出卖了自己。\r\n\r\n在伟人自己，眼睛看的是逢迎的脸色，咂嚅趑趄的情感，耳朵听的是谗媚阿佞的声音，左右的人钢壁铁墙一样把他围在一个小天地里，眼看不过咫尺，耳听不出左右，久而久之，也只能以他人之耳为耳，以他人之目为目。而这些他人，又正是以他为法宝而有所贪图的人，他们所说的话，所报告的见闻，全是以自己的利害为标准而取舍，改窜，编辑的，不但与事实不符，常常会整个相反。信假为真，以真为假，是非颠倒，黑白不分。古时候有这样的皇帝，天下大饥，他怪罪人民何不食肉糜，今日的伟人吃的鸡蛋也许还是一块钱一个。\r\n\r\n这样的伟人，拔地几千尺，活在半空里，和群众、和现实，脱离得一干二净。在别人眼前，他作势，他装腔，他在别人眼里不是“人”，而是“伟人”。他自己，喜怒哀乐，不能自由，不愿自由，不敢自由，硬把人之所以为人的一些天性压抑，闷死，另换上一些人造的东西，这样弄得长久了，自己也觉得自己不是“人”了，而成了“人”以上的另一种人的“人”。勉强解释，就是孤家“寡人”之“人”。这样的“人”，是“性相近也，习相远也”，远的是民众，是人性。这样的人是刚愎的，残暴的，虚伪的，反动的，半疯狂的，自欺欺人的，存心“不令天下人负我，我负天下人”的。把一个国家，一个世界，交给这样一个半疯子去统治，那会造成个什么样子呢？\r\n\r\n“王侯将相”的种子，已不能在新时代的气流中生长了。当大势已去，伟人不得不从半空里扔在实地上、民众前的时候，难怪希特勒自杀，而且自杀前还有疯狂的传说。被别人蒙在鼓里，或被自己的野心蒙在鼓里，一旦鼓被敲破了，四面楚歌，他这才明白了，可是已经晚了。个人英雄也就是悲剧英雄。希特勒、墨索里尼已成过去了，他们的死法是多么有力的标语，佛朗哥，以及佛朗哥的弟兄们，读一读它吧！\r\n\r\n和伟大相反，我喜欢渺小，我想提倡一种渺小主义。一个浪花是渺小的，波浪滔天的海洋就是它集体动力的表现，一粒砂尘是渺小的，它们造成了巍峨的泰岱，一株小草也是一支造物的小旗，一朵小花不也可以壮一下春的行色吗？\r\n\r\n我说的渺小是最本色的，最真的，最人性的，是恰恰反乎上面所说的那样的伟大的。一颗星星，它没有名字却有光，有温暖，一颗又一颗，整个夜空都为之灿烂了。谁也不掩盖谁，谁也不妨碍别人的存在，相反的，彼此互相辉映，每一个是集体中的一分子。\r\n\r\n满腹经纶的学者，不要向人民夸示你们的渊博吧，在这一方面你不是能手，因你有福，有闲，有钱，你对于锄头拿得动、使得熟吗？在别人的本领之前，你显示自己的渺小吧。用你的精神的食粮去换五谷吧。\r\n\r\n发号施令的政治家，你们也能操纵斧柄如同操纵政柄吗？\r\n\r\n将军们，不要只记住自己的一个命令可以生杀多少人，也要想想农民手下的锄头，可以生多少禾苗，死多少野草呵。\r\n\r\n当个人从大众中孤立起来，而以自己的所长比别人所短，他自觉是高人一头；把自己看做群众里面的一个，以别人的所长比自己的所短时，便觉得自己是渺小，人类的集体是伟大。我常常想，不亲自站在群众的队伍里面是比不出自己高低的；我常常想，站在大洋的边岸上向远处放眼的时候，站在喜马拉雅山脚下向上抬头的时候，才会觉得自己的渺小。因此，我爱大海，也爱一条潺潺的溪流；我爱高山，也爱一个土丘；我爱林木的微响，也爱一缕炊烟；我爱孩子的眼睛，我爱无名的群众，我也爱将军虎帐夜谈兵——如果他没有忘记他是个人。\r\n\r\n我说的渺小是通到新英雄主义的一个起点。渺小是要把人列在一列平等的线上，渺小是自大、狂妄、野心、残害的消毒药，渺小是把人还原成人，是叫人看集体重于个人。当一个人为了群众，为了民族和国家，发挥了自己最大可能的力量，他便成为人民的英雄——新的英雄，这种英雄，不是为了自己，而是牺牲了自己，他头顶的光圈，是从人格和鲜血中放射出来的。\r\n\r\n人人都渺小，然而当把渺小扩大到极致的时候，人人都可以成为英雄——新的英雄。\r\n\r\n这世纪，是旧式的看上去伟大的伟人倒下去的世纪；这世纪，是渺小的人民觉醒的世纪；这世纪，是新英雄产生的世纪。\r\n\r\n我如此说，如此相信。');
INSERT INTO `essay` VALUES ('6', '非走不可的弯路', '张爱玲', '散文', 'https://p2.music.126.net/2kkbgOTU_y2mliOVgqkVZg==/109951167504088391.jpg', '在青春的路口，曾经有那么一条小路若隐若现，召唤着我。\r\n\r\n母亲拦住我：“那条路走不得。”\r\n\r\n我不信。\r\n\r\n“我就是从那条路走过来的，你还有什么不信？”\r\n\r\n“既然你能从那条路走过来，我为什么不能？”\r\n\r\n“我不想让你走弯路。”\r\n\r\n“但是我喜欢，而且我不怕。”\r\n\r\n母亲心疼地看我好久，然后叹口气：“好吧，你这个倔强的孩子，那条路很难走，一路小心！”\r\n\r\n上路后，我发现母亲的确没有骗我，那的确是条弯路，我碰壁，摔跟头，有时碰得头破血流，但我不停地走，终于走过来了。\r\n\r\n坐下来喘息的时候，我看见一个朋友，自然很年轻，正站在我当年的路口，我忍不住喊：“那条路走不得。”\r\n\r\n她不信。\r\n\r\n“我母亲就是从那条路走过来的，我也是。”\r\n\r\n“既然你们都可以从那条路走过来，我为什么不能？”\r\n\r\n“我不想让你走同样的弯路。”\r\n\r\n“但是我喜欢。”\r\n\r\n我看了看她，看了看自己，然后笑了：“一路小心。”\r\n\r\n我很感激她，她让我发现自己不再年轻，已经开始扮演“过来人”的角色，同时患有“过来人”常患的“拦路癖”。\r\n\r\n在人生的路上，有一条路每一个人非走不可，那就是年轻时候的弯路。不摔跟头，不碰壁，不碰个头破血流，怎能炼出钢筋铁骨，怎能长大呢？');
INSERT INTO `essay` VALUES ('7', '人生像一首诗', '林语堂', '散文', 'https://p2.music.126.net/QyenvoMPKPANP9g9RcuhQg==/109951164513767432.jpg', '我以为从生物学的观点看起来，人生读来几乎是像一首诗。它有其自己的韵律和拍子，也有其生长和腐坏的内在周期。它的开始就是天真烂漫的童年时候，接着便是粗拙的青春时期，粗拙地企图去适应成熟的社会，具有青年的热情和愚憨，理想和野心；后来达到一个活动很剧烈的成年时期，由经验获得利益，又由社会及人类天性上得到更多的经验；到中年的时候，紧张才稍微减轻，性格圆熟了，像水果的成熟或好酒的醇熟那样地圆熟了，对于人生渐渐抱了一种较宽容，较玩世，同时也较慈和的态度；以后便到了衰老的时候，内分泌腺减少它们的活动，如果我们对老年有着一种真正的哲学观念，而照这种观念去调整我们的生活方式，那么，这个时期在我们心目中便是和平、稳定、闲逸和满足的时期；最后，生命的火光闪灭了，一个人永远长眠不再醒了。我们应该能够体验出这种人生的韵律之美，应该能够像欣赏大交响曲那样，欣赏人生的主要题旨，欣赏它的冲突的旋律，以及最后的决定。\r\n\r\n这些循环的动作，在正常的人生上是大概相同的，不过那音乐必须由个人自己去演奏。在某些人的灵魂中，那个不调和的音键变得日益宏大，结果竟把正式的曲调淹没了，如果那不调和的音键声音太响，使音乐不能继续演奏下去，于是那个人便开枪自戕，或跳河自尽了。这是因为他缺乏良好的自我教育，弄得原来的主旋律遭了掩蔽。反之，正常的人生是会保持着一种严肃的动作和行列，朝着正常的目标前进。在我们许多人之中，有时震音或激越之音太多，因此听来甚觉刺耳；我们也许应该有一些以恒河般伟大的音律和雄壮的音波，慢慢地永远地向着大海流去。\r\n\r\n一个人有童年、壮年和老年，我想没有一个人会觉得这是不美满的。一天有上午、中午、日落，一年有春、夏、秋、冬四季，这办法再好没有。人生没有什么好坏，只有“在那一季里什么东西是好的”的问题。如果我们抱着这种生物学的人生观念，循着季节去生活，那么除自大的呆子和无可救药的理想主义者之外，没有人会否认人生确是像一首诗那样地生活过去的。莎士比亚曾在他的人生七阶段的那节文章里，把这个观念极明显地表达出来，许多中国作家也曾说过与此相似的话。莎士比亚没有变成富于宗教观念的人，也不曾对宗教表示很大的关怀，这是很可怪的。我想这便是他所以伟大的地方；他把人生当做人生看，他不打扰世间一切事物的配置和组织，正如他不打扰他的戏剧中的人物一样。莎士比亚和大自然本身相似，这是我们对一位作家或思想家最大的赞颂。他只是活在世界上，观察人生而终于离开了。\r\n\r\n【赏析】\r\n\r\n人生是千姿百态的，有人曾说它像一江春水，也有人说它像一棵大树，然而在林语堂的笔下，人生却像一首诗。每个人的一生都是一个故事，每个人的一生也都是一首韵味无穷的诗。在同一件事上，每个人都有不同于他人的想法与做法，自然也就是林语堂所说的“自己的韵律和拍子”。谁不愿意花时间去谱写一首长诗？谁不愿意花时间去读一首回环曲折、韵味无穷的长诗呢？人生像一首诗，每一首诗都有它灿烂的理由。');
INSERT INTO `essay` VALUES ('8', '人生真义', '陈独秀', '散文', 'https://p2.music.126.net/Ml7ywnWaZUdrJakpdinnOw==/109951166330224499.jpg', '人生在世，究竟为的什么？究竟应该怎样？这两句话实在难回答得很。我们若是不能回答这两句话，糊糊涂涂过了一生，岂不是太无意识吗？自古以来，说明这个道理的人也算不少，大概约有数种：第一是宗教家。像那佛教家说，世界本来是个幻象，人生本来无生；“真如”本性为“无明”所迷，才现出一切生灭幻象。一旦“无明”灭，一切生灭幻象都没有了，还有什么世界，还有什么人生呢？又像那耶稣教说，人类本是上帝用土造成的，死后仍旧变为泥土。那生在世上信从上帝的，灵魂升天；不信上帝的，便魂归地狱，永无超生的希望。第二是哲学家。像那孔、孟一流人物，专以正心、修身、齐家、治国、平天下，做一大道德家、大政治家，为人生最大的目的。又像那老、庄的意见，以为万事万物都应当顺应自然，人生知足，便可常乐，万万不可强求。又像那墨翟主张牺牲自己、利益他人为人生义务。又像那杨朱主张尊重自己的意志，不必对他人讲什么道德。又像那德国人尼采也是主张尊重个人的意志，发挥个人的天才，成功一个大艺术家、大事业家，叫做寻常人以上的“超人”，才算是人生目的。什么仁义道德，都是骗人的说法。第三是科学家。科学家说人类也是自然界一种物质，没有什么灵魂。生存的时候，一切苦乐善恶，都为物质界自然法则所支配；死后物质分散，另变一种作用，没有联续的记忆和知觉。\r\n\r\n这些人所说的道理，各个不同。人生在世，究竟为的什么，应该怎样呢？我想佛教家所说的话，未免太迂阔。个人的生灭虽然是幻象，世界人生之全体，能说不是真实存在吗？人生“真如”性中，何以忽然有“无明”呢？既然有了“无明”，众生的“无明”，何以忽然都能灭尽呢？“无明”既然不灭，一切生灭现象何以能免呢？一切生灭现象既不能免，吾人人生在世，便要想想究竟为的什么，应该怎样才是。耶教所说，更是凭空捏造，不能证实的了。上帝能造人类，上帝是何物所造呢？上帝有无，既不能证实，那耶教的人生观，便完全不足相信了。孔孟所说的正心、修身、齐家、治国、平天下，只算是人生一种行为和事业，不能包括人生全体的真义。吾人若是专门牺牲自己、利益他人，乃是为他人而生，不是为自己而生，绝非个人生存的根本理由。墨子的思想，也未免太偏了。杨朱和尼采的主张，虽然说破了人生的真相，但照此极端做去，这组织复杂的文明社会，又如何行得过去呢？人生一世，安命知足，事事听其自然，不去强求，自然是快活得很。但是这种快活的幸福，高等动物反不如下等动物，文明社会反不如野蛮社会。我们中国人受了老、庄的教训，所以退化到这等地步。科学家说人死没有灵魂，生时一切苦乐善恶，都为物质界自然法则所支配，这几句话倒难以驳他。但是我们个人虽是必死的，全民族是不容易死的，全人类更是不容易死的了。全民族、全人类所创的文明事业，留在世界上、写在历史上传到后代，这不是我们死后联续的记忆和知觉吗？\r\n\r\n照这样看起来，我们现在时代的人所见人生真义，可以明白了。今略举如下：\r\n\r\n（一）人生在世，个人是生灭无常的，社会是真实存在的。\r\n\r\n（二）社会的文明幸福，是个人造成的，也是个人应该享受的。\r\n\r\n（三）社会是个人集成的，除去个人，便没有社会，所以个人的意志和快乐，是应该尊重的。\r\n\r\n（四）社会是个人的总寿命。社会解散，个人死后便没有联续的记忆和知觉，所以社会的组织和秩序，是应该尊重的。\r\n\r\n（五）执行意志，满足欲望（自食色以至道德的名誉，都是欲望），是个人生存的根本理由，始终不变的（此处可以说“天不变，道亦不变”）。\r\n\r\n（六）一切宗教、法律、道德、政治，不过是维持社会不得已的方法，非个人所以乐生的原意，可以随着时势变更的。\r\n\r\n（七）人生幸福，是人生自身出力造成的，非是上帝所赐，也不是听其自然所成就的。若是上帝所赐，何以厚于今人而薄于古人？若是听其自然所能成就，何以世界各民族的幸福不能够一样呢？\r\n\r\n（八）个人之在社会，好像细胞之在人身；生灭无常，新陈代谢，本是理所当然，丝毫不足恐怖。\r\n\r\n（九）要享幸福，莫怕痛苦。现在个人的痛苦，有时可以造成未来个人的幸福。譬如有主义的战争所流的血，往往洗去人类或民族的污点。极大的瘟疫，往往促成科学的发达。\r\n\r\n总而言之，人生在世，究竟为的什么？究竟应该怎样？我敢说道：个人生存的时候，当努力造成幸福，享受幸福；并且留在社会上，后来的个人也能够享受，递相授受，以至无穷。');
INSERT INTO `essay` VALUES ('9', '人生七期', '高士其', '散文', 'https://p2.music.126.net/vEKqfo05CddPGbWhSgdhiQ==/109951164679455380.jpg', '16世纪，英国的大诗翁莎士比亚，有一篇千古不朽的名诗，把人生由婴儿到暮年，分为七期，描写得极其逼真。大意是说：咿咿唔唔在奶娘手上抱的是婴儿；满脸红光，牵着书包儿，不愿上学的是学童；强吻狂欢，含泪诉情，谈着恋爱的是青年；热血沸腾，意气方刚，破口就骂，胆大妄为的是壮年；衣服整齐，面容严肃，高声言谈，踱着方步，挺着肚子的是中年；饱经忧患，形容枯槁，鼻架眼镜，声音带颤的是老年；塌了眼眶，舌头无味，记忆不清，到了尽头的是暮年。这样把人生一段一段地分析下来，真够玩儿呀。\r\n\r\n但是，莎士比亚的人生七期，是看着人情世态而描写的。我们现在依照生理学上的情形也把人生分为七期。这七期以子宫内受孕的母卵为起点。\r\n\r\n自母卵与精子相遇，受精以后，立时新生命开始了。自开始至三个月为第一期，叫胚胎期。这一期里，母卵不过是直径不满七百分之一英寸的一颗圆圆的单细胞，内中却早已包含着成人所必须具有的一切细胞了。由母卵一个单细胞不断地分裂，第三星期有鱼鳃的裂痕出现，第六星期有尾巴出现，到了第三个月，人的雏形已经完成，但仍是小得很，要用显微镜才看得清。\r\n\r\n第二期是胎儿期，自第三个月起至婴儿脱离母体呱呱坠地止，大约六七个月。这一期里，温暖的子宫内的胎儿，他所需要的食料和氧气，都由母亲的血液支取，都由胎盘输进脐带送给他的。\r\n\r\n由婴儿呱呱坠地到两周岁，到了乳齿长出的时候，是第三期，叫婴儿期。\r\n\r\n接着，第四期，即幼儿期，由三岁起，在女孩到十三岁止，在男孩到十四岁止。此期年年体重均有增加，每年约增加百分之九。\r\n\r\n到了第五期，就是这宝贵的青年期，如春天的花一般，一朵朵地开出来，红艳可爱。一个个女儿的性格，一个个男子的性格，很奇幻而巧妙地在这一期里长成。不知不觉地由娇羞的童女，一变为多色多姿的少女；由顽皮的童男，一变为英俊有为的青年。在青年期，十三四岁的女儿，月经来临，骨盆长大，乳峰突起，阴毛出现；在男子，他们的标志是：面部的胡须有了几根了，下部耻骨间的黑毛也一条条冒出来，同时，好像喝了什么葫芦里的药，小孩子又脆又尖的高音忽然变成又粗又重的沉音了。在营养得宜时，此期体重和身长每年约增加百分之十二。但一般满了二十二周岁的当儿，身体的发育已完成，不再前进了。\r\n\r\n由二十五岁，女的到五十岁，男的到六十岁，是中年期，是一生的中心，是一生最有用的时代，这是第六期。男子一般过了三十五，生殖机能一天不如一天，但体格却一天天肥大了，一天天显得富态，到了六十岁，生殖机能就完全终止了。妇女到五十岁左右，月经告别，生殖时代就成为过去了。这在医学上，就叫更年期。\r\n\r\n第七期，六十岁以上的人，就算老了。一轮红日，慢慢西沉，终归于万籁俱寂了。');
INSERT INTO `essay` VALUES ('10', '给抱怨生活者的信', '徐志摩', '散文', 'https://p2.music.126.net/enIXiQZhDL-8tQkxVHvBBQ==/109951165902534705.jpg', '得到你的信，像是掘到了地下的珍藏，一样的稀罕，一样的宝贵。\r\n\r\n看你的信，像是看古代的残碑，表面是模糊的，意义却是深微的。\r\n\r\n又像是在尼罗河旁边幕夜，在月亮正照着金字塔的时候，梦见一个穿黄金袍服的帝王，对着我作谜语，我知道他的意思，他说：“我无非是一个体面的木乃伊。”\r\n\r\n又像是我在这重山脚下半夜梦醒时，听见松林里夜莺的soprano可怜的遭人厌毁的鸟叫，他虽则没有子规那样天赋的妙舌，但我却懂得他的 怨 愤，他的理想，他的急调是他的嘲讽与诅咒，我知道他怎样地鄙蔑一切，鄙蔑光明，鄙蔑烦嚣的燕雀，也鄙蔑自喜的画眉。\r\n\r\n又像是我在普陀山发现的一个奇景：外面看是一大块岩石，但里面却早被海水蚀空，只剩罗汉头似的一个脑壳，每次海涛向这岛身搂抱时，发出极奥妙的音响，像是情话，像是诅咒，像是祈祷，在雕空的石笋、钟乳间呜咽，像大和琴的谐音在皋雪格的古寺的花椽、石楹间回荡——但除非你有耐心与勇气，攀下几重的石岩，俯身下去凝神地察看与倾听，你也许永远不会想象，不必说发现这样的秘密。\r\n\r\n又像是……但是我知道，朋友，你已经听够了我的比喻，也许你愿意听我自然的嗓音与不做作的语调，不愿意收受用幻想的亮箔包裹着的话，虽则，我不能不补一句，你自己就是最喜欢从一个弯曲的白银喇叭里，吹弄你的古怪的调子。\r\n\r\n你说：“风大土大，生活干燥。”这话仿佛是一阵奇怪的 凉 风，使我感觉一个恐怖的战栗；像一团飘零的秋叶，使我的灵魂里掉下一滴悲悯的清泪。\r\n\r\n我的记忆里，我似乎自信，并不是没有葡萄酒的颜色与香味，并不是没有妩媚的微笑的痕迹，我想我总可以抵抗你那句灰色的语调的影响——是的，昨天下午我在田里散步的时候，我不是分明看见两块凶恶的黑云消灭在太阳猛烈的光焰里，五只小山羊，兔子一样的白净，听着它们妈的吩咐在路旁寻草吃，三个割草的小孩在一个稻屯前抛掷镰刀，自然的活泼给我不少的鼓舞，我对着白云里矗着的宝塔喊说我知道生命是有意趣的。\r\n\r\n今天太阳不曾出来。一捆捆的云在空中紧紧地挨着，你的那句话碰巧又添上了几重云雾，我又疑惑我昨天的宣言了。\r\n\r\n我又觉得奇怪，朋友，何以你那句话在我的心里，竟像白垩涂在玻璃上，这半透明的沉闷是一种很巧妙的刑罚，我差不多要喊痛了。\r\n\r\n我向我的窗外望，暗沉沉的一片，也没有月亮，也没有星光，日光更不必想，他早已离别了，那边黑黝黝的是林子，树上，我知道，是夜鹗的寓处，树下累累的在初夜的微茫中排列着，我也知道，是坟墓，僵的白骨埋在硬的泥里，磷火也不见一星，这样的静，这样的惨，黑夜的胜利是完全的了。\r\n\r\n我闭着眼向我的灵府里问讯，呀，我竟寻不到一个与干燥脱离的生活的意象，干燥像一个影子，永远跟着生活的脚后，又像是葱头的葱管，永远附着在生活的头顶，这是一件奇事。\r\n\r\n朋友，我抱歉，我不能答复你的话，虽则我很想，我不是爽快的西风，吹不散天上的云朵，我手里只有一把粗拙的泥锹，和如其有美丽的理想或是希望要埋葬，我的工作倒是现成的——我也有过我的经验。\r\n\r\n朋友，我并且恐怕，说到最后，我只得收受你的影响，因为你那句话已经凶狠地咬入我的心里，像一个有毒的蝎子，已经沉沉地压在我的心上，像一块盘陀石，我只能忍耐，我只能忍耐……');

-- ----------------------------
-- Table structure for knowledge
-- ----------------------------
DROP TABLE IF EXISTS `knowledge`;
CREATE TABLE `knowledge` (
  `kid` int(255) NOT NULL AUTO_INCREMENT,
  `title` varchar(255) DEFAULT NULL,
  `content` varchar(2000) DEFAULT NULL,
  PRIMARY KEY (`kid`) USING BTREE
) ENGINE=InnoDB AUTO_INCREMENT=6 DEFAULT CHARSET=utf8 ROW_FORMAT=COMPACT;

-- ----------------------------
-- Records of knowledge
-- ----------------------------
INSERT INTO `knowledge` VALUES ('1', '什么是心理健康', '健康不仅是没有疾病，而且包括躯体健康、心理健康、社会适应良好和道德健康。\r\n\r\n心理健康是一种持续良好的心境，个体在这种状态下，其认识活动、情绪反应、意志行动处于积极状态，而且具有正常的适当的调控能力，并能充分发挥其身心的潜能。');
INSERT INTO `knowledge` VALUES ('2', '心理健康“灰色区”示意图', '如果将人的心理正常比作白色，心理不正常比作黑色，那么在白色与黑色之间存在着一个巨大的缓冲区域——灰色区域。我们绝大部分人的心理健康状况都处在中间的灰色区域，也就是说绝大部分人都有这样或那样的心理健康问题。');
INSERT INTO `knowledge` VALUES ('3', '大学生心理健康的标准', '大学生心理健康的标准：1.心理行为符合年龄特征；2.智力正常,对学习有浓厚的兴趣和求知欲望；3.能保持正确的自我意识，接纳自我；4.能协调与控制情绪，保持良好的心境；5.意志坚定，能够自制；6.能保持良好的环境适应能力；7.人际关系和谐，乐于交往；8.人格完整和谐。');
INSERT INTO `knowledge` VALUES ('4', '走出误区，正确认识心理咨询', '误区1：做心理咨询的人有精神疾病\r\n\r\n误区2：心理咨询与思想政治教育差不多\r\n\r\n误区3：心理咨询是无所不能\r\n\r\n心理咨询是受过专业训练的咨询师，用心理学的原理和方法，主要以面谈的方式，帮助来访者更好地认识自己、接纳自己，更有效地解决成长的烦恼或挫折，从而获得心理上的成长，更为自主、积极地迈向自我实现。\r\n\r\n心理咨询的目的是帮助你学会依靠自身的力量去解决你自己的问题。\r\n\r\n心理咨询的主要对象是正常人，着重处理的是人们的正常需要和问题。咨询的“你”不是病人，是正常人，只不过你在应付生活中的压力和任务方面出现困难，需要帮助而已。');
INSERT INTO `knowledge` VALUES ('5', '什么时候你需要心理咨询', '1.当你在择业时，你需要准确判断自己的适应性时；2.当某些事引起了你强烈的心理冲突，自己难以解决时；3.当你心情烦闷，难以自拔时；4.当你的人际关系出现了问题，常与他人发生冲突时；5.当你时常厌食、暴饮暴食时；6.当你总觉得睡眠不好，如失眠、做噩梦或梦游时；7.当你的恋爱中出现难以解决的问题时；8.当你有明显不平常的感觉和行为时，例如，总感觉有人在说自己的坏话，总听到一个声音指挥、控制你等；9.当你常会害怕一些并不可怕的事物，害怕花、害怕水、害怕笔、害怕看人等；10.当你脑子里总不停地想一些无意义的小问题或者不停地洗手等；11.当你的生活中遇有重大选择犹豫不决时；12.当你的学习压力大、无力承受但又不能自行调节时；13.当你经受挫折之后，精神一蹶不振时；14.当你过分自卑，经常感到心情压抑时；15.当你经历了失恋、失去亲人等情况之后，心灵创伤无法“自愈”时；16.当你性格变化很大或者出现有奇怪的行为时；17.当你患有某种身体疾病，对此产生心理压力时。\r\n\r\n不管什么原因，如果你觉得自己被某种不良心情压抑超过两周时间，并且这一情况还在持续，那时候你就需要心理咨询。');

-- ----------------------------
-- Table structure for message
-- ----------------------------
DROP TABLE IF EXISTS `message`;
CREATE TABLE `message` (
  `message_id` bigint(20) NOT NULL AUTO_INCREMENT,
  `chat_id` bigint(20) DEFAULT NULL,
  `content` varchar(512) DEFAULT NULL,
  `from_uid` bigint(20) DEFAULT NULL,
  `to_uid` bigint(20) DEFAULT NULL,
  `creat_time` datetime DEFAULT NULL,
  PRIMARY KEY (`message_id`) USING BTREE
) ENGINE=InnoDB AUTO_INCREMENT=8 DEFAULT CHARSET=utf8mb4 ROW_FORMAT=DYNAMIC;

-- ----------------------------
-- Records of message
-- ----------------------------
INSERT INTO `message` VALUES ('1', null, '你好架构师', '1', '2', '2023-04-12 23:29:08');
INSERT INTO `message` VALUES ('2', null, '你好!!!', '1', '1', '2023-04-12 23:29:34');
INSERT INTO `message` VALUES ('3', null, '你好', '1', '2', '2023-04-13 15:41:22');
INSERT INTO `message` VALUES ('4', null, '我是1号', '1', '3', '2023-04-13 15:43:19');
INSERT INTO `message` VALUES ('5', null, '我是1号', '1', '3', '2023-04-13 15:43:27');
INSERT INTO `message` VALUES ('6', null, '你好吗？3号', '2', '3', '2023-04-13 15:43:38');
INSERT INTO `message` VALUES ('7', null, '3号吃饭没', '2', '3', '2023-04-13 15:43:58');

-- ----------------------------
-- Table structure for option
-- ----------------------------
DROP TABLE IF EXISTS `option`;
CREATE TABLE `option` (
  `oid` bigint(20) NOT NULL AUTO_INCREMENT COMMENT '选项id',
  `qid` bigint(20) DEFAULT NULL COMMENT '选项属于的问题的id',
  `miaoshu` varchar(255) DEFAULT NULL COMMENT '选项',
  `score` int(11) DEFAULT NULL COMMENT '该选项的得分',
  PRIMARY KEY (`oid`) USING BTREE
) ENGINE=InnoDB AUTO_INCREMENT=81 DEFAULT CHARSET=utf8mb4 ROW_FORMAT=DYNAMIC;

-- ----------------------------
-- Records of option
-- ----------------------------
INSERT INTO `option` VALUES ('1', '1', 'A：没有或很少时间（过去一周内，出现这类情况的日子不超过一天）', '1');
INSERT INTO `option` VALUES ('2', '1', 'B：小部分时间（过去一周内，有1-2天有过这类情况）', '2');
INSERT INTO `option` VALUES ('3', '1', 'C：相当多时间（过去一周内，3-4天有过这类情况）', '3');
INSERT INTO `option` VALUES ('4', '1', 'D：绝大部分或全部时间（过去一周内，有5-7天有过这类情况）', '4');
INSERT INTO `option` VALUES ('5', '2', 'A：没有或很少时间（过去一周内，出现这类情况的日子不超过一天）', '1');
INSERT INTO `option` VALUES ('6', '2', 'B：小部分时间（过去一周内，有1-2天有过这类情况）', '2');
INSERT INTO `option` VALUES ('7', '2', 'C：相当多时间（过去一周内，3-4天有过这类情况）', '3');
INSERT INTO `option` VALUES ('8', '2', 'D：绝大部分或全部时间（过去一周内，有5-7天有过这类情况）', '4');
INSERT INTO `option` VALUES ('9', '3', 'A：没有或很少时间（过去一周内，出现这类情况的日子不超过一天）', '1');
INSERT INTO `option` VALUES ('10', '3', 'B：小部分时间（过去一周内，有1-2天有过这类情况）', '2');
INSERT INTO `option` VALUES ('11', '3', 'C：相当多时间（过去一周内，3-4天有过这类情况）', '3');
INSERT INTO `option` VALUES ('12', '3', 'D：绝大部分或全部时间（过去一周内，有5-7天有过这类情况）', '4');
INSERT INTO `option` VALUES ('13', '4', 'A：没有或很少时间（过去一周内，出现这类情况的日子不超过一天）', '1');
INSERT INTO `option` VALUES ('14', '4', 'B：小部分时间（过去一周内，有1-2天有过这类情况）', '2');
INSERT INTO `option` VALUES ('15', '4', 'C：相当多时间（过去一周内，3-4天有过这类情况）', '3');
INSERT INTO `option` VALUES ('16', '4', 'D：绝大部分或全部时间（过去一周内，有5-7天有过这类情况）', '4');
INSERT INTO `option` VALUES ('17', '5', 'A：没有或很少时间（过去一周内，出现这类情况的日子不超过一天）', '1');
INSERT INTO `option` VALUES ('18', '5', 'B：小部分时间（过去一周内，有1-2天有过这类情况）', '2');
INSERT INTO `option` VALUES ('19', '5', 'C：相当多时间（过去一周内，3-4天有过这类情况）', '3');
INSERT INTO `option` VALUES ('20', '5', 'D：绝大部分或全部时间（过去一周内，有5-7天有过这类情况）', '4');
INSERT INTO `option` VALUES ('21', '6', 'A：没有或很少时间（过去一周内，出现这类情况的日子不超过一天）', '1');
INSERT INTO `option` VALUES ('22', '6', 'B：小部分时间（过去一周内，有1-2天有过这类情况）', '2');
INSERT INTO `option` VALUES ('23', '6', 'C：相当多时间（过去一周内，3-4天有过这类情况）', '3');
INSERT INTO `option` VALUES ('24', '6', 'D：绝大部分或全部时间（过去一周内，有5-7天有过这类情况）', '4');
INSERT INTO `option` VALUES ('25', '7', 'A：没有或很少时间（过去一周内，出现这类情况的日子不超过一天）', '1');
INSERT INTO `option` VALUES ('26', '7', 'B：小部分时间（过去一周内，有1-2天有过这类情况）', '2');
INSERT INTO `option` VALUES ('27', '7', 'C：相当多时间（过去一周内，3-4天有过这类情况）', '3');
INSERT INTO `option` VALUES ('28', '7', 'D：绝大部分或全部时间（过去一周内，有5-7天有过这类情况）', '4');
INSERT INTO `option` VALUES ('29', '9', 'A：没有或很少时间（过去一周内，出现这类情况的日子不超过一天）', '1');
INSERT INTO `option` VALUES ('30', '9', 'B：小部分时间（过去一周内，有1-2天有过这类情况）', '2');
INSERT INTO `option` VALUES ('31', '9', 'C：相当多时间（过去一周内，3-4天有过这类情况）', '3');
INSERT INTO `option` VALUES ('32', '9', 'D：绝大部分或全部时间（过去一周内，有5-7天有过这类情况）', '4');
INSERT INTO `option` VALUES ('33', '10', 'A：没有或很少时间（过去一周内，出现这类情况的日子不超过一天）', '1');
INSERT INTO `option` VALUES ('34', '10', 'B：小部分时间（过去一周内，有1-2天有过这类情况）', '2');
INSERT INTO `option` VALUES ('35', '10', 'C：相当多时间（过去一周内，3-4天有过这类情况）', '3');
INSERT INTO `option` VALUES ('36', '10', 'D：绝大部分或全部时间（过去一周内，有5-7天有过这类情况）', '4');
INSERT INTO `option` VALUES ('37', '12', 'A：没有或很少时间（过去一周内，出现这类情况的日子不超过一天）', '4');
INSERT INTO `option` VALUES ('38', '12', 'B：小部分时间（过去一周内，有1-2天有过这类情况）', '3');
INSERT INTO `option` VALUES ('39', '12', 'C：相当多时间（过去一周内，3-4天有过这类情况）', '2');
INSERT INTO `option` VALUES ('40', '12', 'D：绝大部分或全部时间（过去一周内，有5-7天有过这类情况）', '1');
INSERT INTO `option` VALUES ('41', '13', 'A：没有或很少时间（过去一周内，出现这类情况的日子不超过一天）', '4');
INSERT INTO `option` VALUES ('42', '13', 'B：小部分时间（过去一周内，有1-2天有过这类情况）', '3');
INSERT INTO `option` VALUES ('43', '13', 'C：相当多时间（过去一周内，3-4天有过这类情况）', '2');
INSERT INTO `option` VALUES ('44', '13', 'D：绝大部分或全部时间（过去一周内，有5-7天有过这类情况）', '1');
INSERT INTO `option` VALUES ('45', '14', 'A：没有或很少时间（过去一周内，出现这类情况的日子不超过一天）', '4');
INSERT INTO `option` VALUES ('46', '14', 'B：小部分时间（过去一周内，有1-2天有过这类情况）', '3');
INSERT INTO `option` VALUES ('47', '14', 'C：相当多时间（过去一周内，3-4天有过这类情况）', '2');
INSERT INTO `option` VALUES ('48', '14', 'D：绝大部分或全部时间（过去一周内，有5-7天有过这类情况）', '1');
INSERT INTO `option` VALUES ('49', '15', 'A：没有或很少时间（过去一周内，出现这类情况的日子不超过一天）', '4');
INSERT INTO `option` VALUES ('50', '15', 'B：小部分时间（过去一周内，有1-2天有过这类情况）', '3');
INSERT INTO `option` VALUES ('51', '15', 'C：相当多时间（过去一周内，3-4天有过这类情况）', '2');
INSERT INTO `option` VALUES ('52', '15', 'D：绝大部分或全部时间（过去一周内，有5-7天有过这类情况）', '1');
INSERT INTO `option` VALUES ('53', '16', 'A：没有或很少时间（过去一周内，出现这类情况的日子不超过一天）', '4');
INSERT INTO `option` VALUES ('54', '16', 'B：小部分时间（过去一周内，有1-2天有过这类情况）', '3');
INSERT INTO `option` VALUES ('55', '16', 'C：相当多时间（过去一周内，3-4天有过这类情况）', '2');
INSERT INTO `option` VALUES ('56', '16', 'D：绝大部分或全部时间（过去一周内，有5-7天有过这类情况）', '1');
INSERT INTO `option` VALUES ('57', '17', 'A：没有或很少时间（过去一周内，出现这类情况的日子不超过一天）', '4');
INSERT INTO `option` VALUES ('58', '17', 'B：小部分时间（过去一周内，有1-2天有过这类情况）', '3');
INSERT INTO `option` VALUES ('59', '17', 'C：相当多时间（过去一周内，3-4天有过这类情况）', '2');
INSERT INTO `option` VALUES ('60', '17', 'D：绝大部分或全部时间（过去一周内，有5-7天有过这类情况）', '1');
INSERT INTO `option` VALUES ('61', '19', 'A：没有或很少时间（过去一周内，出现这类情况的日子不超过一天）', '4');
INSERT INTO `option` VALUES ('62', '19', 'B：小部分时间（过去一周内，有1-2天有过这类情况）', '3');
INSERT INTO `option` VALUES ('63', '19', 'C：相当多时间（过去一周内，3-4天有过这类情况）', '2');
INSERT INTO `option` VALUES ('64', '19', 'D：绝大部分或全部时间（过去一周内，有5-7天有过这类情况）', '1');
INSERT INTO `option` VALUES ('65', '20', 'A：没有或很少时间（过去一周内，出现这类情况的日子不超过一天）', '4');
INSERT INTO `option` VALUES ('66', '20', 'B：小部分时间（过去一周内，有1-2天有过这类情况）', '3');
INSERT INTO `option` VALUES ('67', '20', 'C：相当多时间（过去一周内，3-4天有过这类情况）', '2');
INSERT INTO `option` VALUES ('68', '20', 'D：绝大部分或全部时间（过去一周内，有5-7天有过这类情况）', '1');
INSERT INTO `option` VALUES ('69', '11', 'A：没有或很少时间（过去一周内，出现这类情况的日子不超过一天）', '4');
INSERT INTO `option` VALUES ('70', '11', 'B：小部分时间（过去一周内，有1-2天有过这类情况）', '3');
INSERT INTO `option` VALUES ('71', '11', 'C：相当多时间（过去一周内，3-4天有过这类情况）', '2');
INSERT INTO `option` VALUES ('72', '11', 'D：绝大部分或全部时间（过去一周内，有5-7天有过这类情况）', '1');
INSERT INTO `option` VALUES ('73', '18', 'A：没有或很少时间（过去一周内，出现这类情况的日子不超过一天）', '4');
INSERT INTO `option` VALUES ('74', '18', 'B：小部分时间（过去一周内，有1-2天有过这类情况）', '3');
INSERT INTO `option` VALUES ('75', '18', 'C：相当多时间（过去一周内，3-4天有过这类情况）', '2');
INSERT INTO `option` VALUES ('76', '18', 'D：绝大部分或全部时间（过去一周内，有5-7天有过这类情况）', '1');
INSERT INTO `option` VALUES ('77', '8', 'A：没有或很少时间（过去一周内，出现这类情况的日子不超过一天）', '1');
INSERT INTO `option` VALUES ('78', '8', 'B：小部分时间（过去一周内，有1-2天有过这类情况）', '2');
INSERT INTO `option` VALUES ('79', '8', 'C：相当多时间（过去一周内，3-4天有过这类情况）', '3');
INSERT INTO `option` VALUES ('80', '8', 'D：绝大部分或全部时间（过去一周内，有5-7天有过这类情况）', '4');

-- ----------------------------
-- Table structure for quiz
-- ----------------------------
DROP TABLE IF EXISTS `quiz`;
CREATE TABLE `quiz` (
  `qid` bigint(20) NOT NULL AUTO_INCREMENT,
  `tid` varchar(255) DEFAULT NULL,
  `q_num` int(11) DEFAULT NULL,
  `question` varchar(255) DEFAULT NULL,
  PRIMARY KEY (`qid`) USING BTREE
) ENGINE=InnoDB AUTO_INCREMENT=43 DEFAULT CHARSET=utf8mb4 ROW_FORMAT=DYNAMIC;

-- ----------------------------
-- Records of quiz
-- ----------------------------
INSERT INTO `quiz` VALUES ('1', '1', '1', '我觉得闷闷不乐，情绪低沉');
INSERT INTO `quiz` VALUES ('2', '1', '2', '我觉得一天之中早晨最好');
INSERT INTO `quiz` VALUES ('3', '1', '3', '我一阵阵地哭出来或是想哭');
INSERT INTO `quiz` VALUES ('4', '1', '4', '我晚上睡眠不好');
INSERT INTO `quiz` VALUES ('5', '1', '5', '我吃的和平时一样多');
INSERT INTO `quiz` VALUES ('6', '1', '6', '我与异性接触时和以往一样感到愉快');
INSERT INTO `quiz` VALUES ('7', '1', '7', '我发觉我的体重在下降');
INSERT INTO `quiz` VALUES ('8', '1', '8', '我有便秘的苦恼');
INSERT INTO `quiz` VALUES ('9', '1', '9', '我心跳比平时快');
INSERT INTO `quiz` VALUES ('10', '1', '10', '我无缘无故感到疲乏');
INSERT INTO `quiz` VALUES ('11', '1', '11', '我的头脑和平时一样清楚');
INSERT INTO `quiz` VALUES ('12', '1', '12', '我觉得经常做的事情并没有困难');
INSERT INTO `quiz` VALUES ('13', '1', '13', '我觉得不安而平静不下来');
INSERT INTO `quiz` VALUES ('14', '1', '14', '我对将来抱有希望');
INSERT INTO `quiz` VALUES ('15', '1', '15', '  我比平常容易激动');
INSERT INTO `quiz` VALUES ('16', '1', '16', '  我觉得做出决定是容易的');
INSERT INTO `quiz` VALUES ('17', '1', '17', '我觉得自己是个有用的人，有人需要我');
INSERT INTO `quiz` VALUES ('18', '1', '18', '  我的生活过得很有意思');
INSERT INTO `quiz` VALUES ('19', '1', '19', '我认为如果我死了别人会生活的更好些');
INSERT INTO `quiz` VALUES ('20', '1', '20', '平常感兴趣的事我仍然照样感兴趣');

-- ----------------------------
-- Table structure for reply
-- ----------------------------
DROP TABLE IF EXISTS `reply`;
CREATE TABLE `reply` (
  `rid` int(255) NOT NULL AUTO_INCREMENT,
  `content` varchar(5000) DEFAULT NULL,
  `id` int(255) DEFAULT NULL COMMENT '回复人的id',
  `to_rid` int(11) DEFAULT NULL COMMENT '回复的回复id',
  `cid` int(255) DEFAULT NULL,
  `create_time` datetime DEFAULT NULL,
  PRIMARY KEY (`rid`) USING BTREE
) ENGINE=InnoDB AUTO_INCREMENT=2 DEFAULT CHARSET=utf8 ROW_FORMAT=COMPACT;

-- ----------------------------
-- Records of reply
-- ----------------------------
INSERT INTO `reply` VALUES ('1', '美好一天从我开始', '1', null, '1', '2022-12-12 16:40:00');

-- ----------------------------
-- Table structure for review
-- ----------------------------
DROP TABLE IF EXISTS `review`;
CREATE TABLE `review` (
  `cid` int(255) NOT NULL AUTO_INCREMENT COMMENT '评论id',
  `content` varchar(5000) DEFAULT NULL,
  `eid` int(255) DEFAULT NULL COMMENT '文章id',
  `id` int(255) DEFAULT NULL COMMENT '评论人id',
  `count_reply` int(255) DEFAULT NULL,
  `create_time` datetime DEFAULT NULL,
  PRIMARY KEY (`cid`) USING BTREE
) ENGINE=InnoDB AUTO_INCREMENT=18 DEFAULT CHARSET=utf8 ROW_FORMAT=COMPACT;

-- ----------------------------
-- Records of review
-- ----------------------------
INSERT INTO `review` VALUES ('1', '今天是一个美好的一天', '1', '1', null, '2022-11-02 20:18:00');
INSERT INTO `review` VALUES ('3', '一日之计在于晨', '1', '1', null, '2023-04-12 14:55:02');
INSERT INTO `review` VALUES ('4', '今天又是元气满满的一天', '1', '1', null, '2023-04-12 14:56:57');
INSERT INTO `review` VALUES ('5', '加油，努力奋斗', '1', '1', null, '2023-04-12 14:59:47');
INSERT INTO `review` VALUES ('6', '新的一天从我开始', '1', '1', null, '2023-04-12 15:00:06');
INSERT INTO `review` VALUES ('16', 'fdafg', '1', '1', null, '2023-04-13 14:34:34');
INSERT INTO `review` VALUES ('17', 'fdag', '1', '1', null, '2023-04-13 14:34:38');

-- ----------------------------
-- Table structure for sys_menu
-- ----------------------------
DROP TABLE IF EXISTS `sys_menu`;
CREATE TABLE `sys_menu` (
  `id` bigint(20) NOT NULL AUTO_INCREMENT,
  `menu_name` varchar(64) NOT NULL DEFAULT 'NULL' COMMENT '菜单名',
  `path` varchar(200) DEFAULT NULL COMMENT '路由地址',
  `component` varchar(255) DEFAULT NULL COMMENT '组件路径',
  `visible` char(1) DEFAULT '0' COMMENT '菜单状态（0显示 1隐藏）',
  `status` char(1) DEFAULT '0' COMMENT '菜单状态（0正常 1停用）',
  `perms` varchar(100) DEFAULT NULL COMMENT '权限标识',
  `icon` varchar(100) DEFAULT '#' COMMENT '菜单图标',
  `create_by` bigint(20) DEFAULT NULL,
  `create_time` datetime DEFAULT NULL,
  `update_by` bigint(20) DEFAULT NULL,
  `update_time` datetime DEFAULT NULL,
  `del_flag` int(11) DEFAULT '0' COMMENT '是否删除（0未删除 1已删除）',
  `remark` varchar(500) DEFAULT NULL COMMENT '备注',
  PRIMARY KEY (`id`)
) ENGINE=InnoDB AUTO_INCREMENT=2 DEFAULT CHARSET=utf8mb4 COMMENT='菜单表';

-- ----------------------------
-- Records of sys_menu
-- ----------------------------
INSERT INTO `sys_menu` VALUES ('1', '用户管理', null, null, '0', '0', 'system:user:admin', '#', null, null, null, null, '0', null);

-- ----------------------------
-- Table structure for sys_role
-- ----------------------------
DROP TABLE IF EXISTS `sys_role`;
CREATE TABLE `sys_role` (
  `id` bigint(20) NOT NULL AUTO_INCREMENT,
  `name` varchar(128) DEFAULT NULL,
  `role_key` varchar(100) DEFAULT NULL COMMENT '角色权限字符串',
  `status` char(1) DEFAULT '0' COMMENT '角色状态（0正常 1停用）',
  `del_flag` int(1) DEFAULT '0' COMMENT 'del_flag',
  `create_by` bigint(200) DEFAULT NULL,
  `create_time` datetime DEFAULT NULL,
  `update_by` bigint(200) DEFAULT NULL,
  `update_time` datetime DEFAULT NULL,
  `remark` varchar(500) DEFAULT NULL COMMENT '备注',
  PRIMARY KEY (`id`)
) ENGINE=InnoDB AUTO_INCREMENT=4 DEFAULT CHARSET=utf8mb4 COMMENT='角色表';

-- ----------------------------
-- Records of sys_role
-- ----------------------------
INSERT INTO `sys_role` VALUES ('1', 'User', 'user', '0', '0', null, null, null, null, null);
INSERT INTO `sys_role` VALUES ('2', 'Doctor', 'doctor', '0', '0', null, null, null, null, null);
INSERT INTO `sys_role` VALUES ('3', 'Admin', 'admin', '0', '0', null, null, null, null, null);

-- ----------------------------
-- Table structure for sys_role_menu
-- ----------------------------
DROP TABLE IF EXISTS `sys_role_menu`;
CREATE TABLE `sys_role_menu` (
  `role_id` bigint(200) NOT NULL AUTO_INCREMENT COMMENT '角色ID',
  `menu_id` bigint(200) NOT NULL DEFAULT '0' COMMENT '菜单id',
  PRIMARY KEY (`role_id`,`menu_id`)
) ENGINE=InnoDB AUTO_INCREMENT=4 DEFAULT CHARSET=utf8mb4;

-- ----------------------------
-- Records of sys_role_menu
-- ----------------------------
INSERT INTO `sys_role_menu` VALUES ('3', '1');

-- ----------------------------
-- Table structure for sys_user_role
-- ----------------------------
DROP TABLE IF EXISTS `sys_user_role`;
CREATE TABLE `sys_user_role` (
  `user_id` bigint(200) NOT NULL AUTO_INCREMENT COMMENT '用户id',
  `role_id` bigint(200) NOT NULL DEFAULT '0' COMMENT '角色id',
  PRIMARY KEY (`user_id`,`role_id`)
) ENGINE=InnoDB AUTO_INCREMENT=10 DEFAULT CHARSET=utf8mb4;

-- ----------------------------
-- Records of sys_user_role
-- ----------------------------
INSERT INTO `sys_user_role` VALUES ('8', '1');
INSERT INTO `sys_user_role` VALUES ('9', '1');

-- ----------------------------
-- Table structure for test
-- ----------------------------
DROP TABLE IF EXISTS `test`;
CREATE TABLE `test` (
  `tid` int(11) NOT NULL,
  `t_title` varchar(255) DEFAULT NULL,
  `t_desc` varchar(255) DEFAULT NULL,
  `t_total` varchar(64) DEFAULT NULL,
  PRIMARY KEY (`tid`) USING BTREE
) ENGINE=InnoDB DEFAULT CHARSET=utf8mb4 ROW_FORMAT=DYNAMIC;

-- ----------------------------
-- Records of test
-- ----------------------------
INSERT INTO `test` VALUES ('1', '抑郁症sds测试国际标准（20题专业版）', '抑郁症sds测试国际标准（20题专业版）抑郁自评量表（Self-rating depression scale，SDS），是含有20个项目，分为4级评分的自评量表，使用简便，并能相当直观地反映抑郁患者的主观感受及其在治疗中的变化。提示：SDS对于文化程度较低或智力水平稍差的人使用效果不佳。', '20');

-- ----------------------------
-- Table structure for user
-- ----------------------------
DROP TABLE IF EXISTS `user`;
CREATE TABLE `user` (
  `id` bigint(20) NOT NULL AUTO_INCREMENT COMMENT '主键',
  `user_name` varchar(64) NOT NULL DEFAULT 'NULL' COMMENT '用户名',
  `nick_name` varchar(64) NOT NULL DEFAULT 'NULL' COMMENT '昵称',
  `password` varchar(64) NOT NULL DEFAULT 'NULL' COMMENT '密码',
  `status` char(1) DEFAULT '0' COMMENT '账号状态（0正常 1停用）',
  `email` varchar(64) DEFAULT NULL COMMENT '邮箱',
  `phonenumber` varchar(32) DEFAULT NULL COMMENT '手机号',
  `sex` char(1) DEFAULT NULL COMMENT '用户性别（0男，1女，2未知）',
  `avatar` varchar(128) DEFAULT NULL COMMENT '头像',
  `user_type` char(1) NOT NULL DEFAULT '1' COMMENT '用户类型（0管理员，1普通用户）',
  `create_time` datetime DEFAULT NULL COMMENT '创建时间',
  `update_time` datetime DEFAULT NULL COMMENT '更新时间',
  `del_flag` int(11) DEFAULT '0' COMMENT '删除标志（0代表未删除，1代表已删除）',
  PRIMARY KEY (`id`),
  UNIQUE KEY `user_name` (`user_name`)
) ENGINE=InnoDB AUTO_INCREMENT=10 DEFAULT CHARSET=utf8mb4 COMMENT='用户表';

-- ----------------------------
-- Records of user
-- ----------------------------
INSERT INTO `user` VALUES ('2', 'zhangsan', '张三', '$2a$10$PGpF/1I3kV.QswkZCapnnO4TlrFRnXI5GqVfLZPJaa372mK9nw19m', '0', '123.com', '12345678901', '0', null, '0', '2023-04-08 20:51:39', '2023-04-08 20:51:39', '0');
INSERT INTO `user` VALUES ('9', 'oz3q45i2bPVcZR7AoNYrT_itG7js', 'Fantasy', '$2a$10$6TiSyr5FwXbaIycmVQRCc.z4ORhniijyxrROlPpF.j98qYzSDT0Xu', '0', null, null, '0', 'http://tmp/vfqfCCoKI7Cx111c9e2674a3e2f152449d6c657510d4.jpeg', '0', '2023-04-08 23:03:10', '2023-04-08 23:03:10', '0');
